<?xml version="1.0" encoding="utf-8"?>
<dane_kraj>
  <country name="Liechtenstein">
    <id>1</id>
    <rok>2020</rok>
    <wartP>5565446</wartP>
    <neighbour name="Austria" direction="E" />
    <neighbour name="Szwajcaria" direction="W" />
  </country>
  <country name="Panama">
    <id>2</id>
    <rok>2020</rok>
    <wartP>344335</wartP>
    <neighbour name="Kostaryka" direction="W" />
    <neighbour name="Kolumbia" direction="E" />
  </country>
    <country name="Polska">
    <id>3</id>
    <rok>2020</rok>
    <wartP>8957475</wartP>
    <neighbour name="Niemcy" direction="W" />
    <neighbour name="Czechy" direction="S" />
    <neighbour name="Słowacja" direction="S" />
    <neighbour name="Ukraina" direction="E" />
    <neighbour name="Białoruś" direction="E" />
    <neighbour name="Litwa" direction="NE" />
    <neighbour name="Rosja" direction="N" />
    <neighbour name="Szwecja" direction="N" />
  </country>
</dane_kraj>