<?xml version="1.0" ?>
<autokomis>
  <!--to jest autokims marki Subaru-->
  <samochod>
    <id>sam1</id>
    <marka>Subaru</marka>
    <model>Impreza</model>
    <rocznik>1999</rocznik>
    <pojemnosc>2.0</pojemnosc>
    <cena>62000</cena>
    <wyposazenie_dod>
      <kolor>czarna perła</kolor>
      <klimatyzacja>DFE43545</klimatyzacja>
    </wyposazenie_dod>
  </samochod>
  <samochod>
    <id>sam2</id>
    <marka>Subaru</marka>
    <model>Outback</model>
    <rocznik>2016</rocznik>
    <pojemnosc>2.4</pojemnosc>
    <cena>98000</cena>
    <wyposazenie_dod>
      <kolor>czerwony metallic</kolor>
      <klimatyzacja>DFE87676</klimatyzacja>
      <poduszki_dod>4</poduszki_dod>
    </wyposazenie_dod>
  </samochod>
</autokomis>
